,Pixels,Latitude,Longitude
2018-07-28,3456,39.936169088261025,-121.58563720486103
2018-08-04,2989,39.312165216362395,-121.91898549347597
2018-08-03,2567,39.134274474202385,-121.7491502259449
2018-11-09,2509,39.43670752827145,-120.03118317656433
2018-08-05,2427,39.0451095824634,-121.47089342810068
2018-08-02,2393,39.22986658116061,-121.92052191809402
2018-08-20,2203,40.68805157247039,-119.71262576486617
2018-07-29,1905,39.65144622080673,-121.49975166404181
2018-08-19,1827,40.58051125765167,-119.61355946907473
2018-08-25,1779,40.797303492063506,-118.47909773468251
2018-07-30,1758,39.80747086906804,-121.8237990386803
2018-08-11,1709,39.743403049300134,-121.76412683440623
2018-08-07,1681,39.49066587500003,-121.53890060083286
2018-08-13,1663,39.71822955324356,-122.14262901984367
2018-07-08,1653,41.51182096992023,-117.17483977616448
2018-08-23,1629,40.69081155225731,-119.74886152854518
2018-08-08,1587,39.09586163485476,-120.39013163831143
2018-08-10,1560,39.448301760168384,-121.11953148076924
2018-08-01,1544,39.492747065359524,-121.77913512953364
2018-08-18,1517,40.44232638297864,-121.22911673038892
2018-07-07,1418,41.53721153256705,-118.37396479548674
2018-08-21,1404,40.303638531518594,-120.58375074786314
2018-08-24,1401,40.63048463150286,-119.73312664525348
2018-08-26,1380,40.30138231277529,-119.66361225362311
2018-08-06,1355,39.196363616692395,-121.57658391881907
2018-07-27,1345,39.98820907563023,-121.3411329442379
2018-07-31,1325,39.51255511969117,-121.61572131320733
2018-08-22,1268,40.29885065390758,-120.61137694794952
2018-08-17,1241,40.24440553921571,-121.87479464947592
2018-08-09,1198,39.31048545277508,-120.82499578464098
2018-08-12,1183,39.841775970537256,-121.8785628994084
2018-08-16,1180,40.12041826352532,-121.86215778813558
2019-09-08,1162,39.482192842197,-120.28024664371769
2018-07-26,1108,40.062472204176316,-120.71769778880862
2019-09-06,1055,40.135455273775115,-121.27019548815171
2018-07-01,1037,38.76842299804684,-121.64478979749283
2018-11-10,993,39.07625656637169,-120.0369335649548
2018-08-15,978,40.21288346514048,-122.20684479550101
2018-09-08,952,40.895217574152525,-122.43459012605044
2018-09-06,949,40.85588035522065,-122.45171433087461
2018-08-14,922,40.0813856595265,-122.23977768980484
2019-10-27,910,38.646384837261515,-122.57177401098897
2018-07-02,805,38.66144001262626,-121.91428853416146
2018-07-06,795,41.64287077419355,-119.41493275471689
2018-11-08,786,39.43797354005179,-121.26416619592892
2018-08-27,780,40.19124285526319,-120.47933514102559
2018-08-30,761,39.9737622633745,-118.32587755584764
2018-11-11,761,39.53205788990824,-120.9018963994742
2018-07-25,713,38.83301023328147,-120.07140461430569
2018-11-12,694,39.46535731012657,-121.0024713256486
2018-07-03,633,39.017305858747996,-120.33453284360185
2018-09-09,601,40.43354529824564,-121.96522519134774
2019-09-09,581,39.57811803992744,-120.38505767641992
2018-09-10,578,40.73571808510636,-122.10464323529406
2018-08-28,554,40.2373194972067,-122.04522812274372
2018-09-07,533,40.62286547758282,-122.15297360225135
2018-09-01,505,40.52854276507273,-121.19092807920794
2019-10-24,500,38.879132267818584,-122.20834391999998
2018-08-31,489,40.300537685589525,-119.60380879345603
2018-09-11,470,40.54474211328976,-121.96765263829784
2019-09-07,467,40.13264382743362,-120.8368252034262
2018-07-09,457,41.11651222222222,-117.18167284463897
2018-08-29,449,40.16907794930873,-121.77857429844096
2018-09-02,434,40.6982939336493,-122.01538357142859
2018-07-18,411,38.109580050377836,-120.03923114355244
2018-09-05,411,40.429398200514115,-121.86676031630167
2018-07-22,403,39.050213018372645,-119.43136429280389
2018-07-17,394,37.91290371052633,-119.80224799492376
2018-07-23,392,38.476019780219794,-120.19810829081634
2018-11-14,386,39.29063411267606,-120.85860575129534
2019-10-28,383,38.51353794303797,-121.75850600522186
2018-09-04,379,40.64482319034853,-119.87082720316621
2018-07-19,364,38.27557918918921,-120.03389961538467
2018-09-03,360,40.88634406162465,-122.29398294444456
2018-07-05,357,40.71469310240966,-117.00221747899167
2018-06-24,345,39.19152923753668,-121.64756568115934
2019-10-11,331,38.55499721153846,-119.06278447129907
2018-11-16,318,38.99380788590603,-120.61511330188667
2019-09-15,314,40.059267716262994,-121.2765128025479
2018-06-25,312,38.480150918032834,-120.53159022435892
2019-10-25,312,39.03254166666669,-120.45456846153859
2018-07-04,302,38.943628611111095,-120.03881596026484
2018-07-20,299,38.30414276752768,-120.2254731438126
2019-09-13,298,39.883346408450706,-120.88489895973149
2018-11-13,293,39.249497423076946,-120.7269256313993
2018-11-15,292,38.48639286259541,-120.18830390410943
2018-07-24,287,39.00870255474453,-120.9795245644599
2019-10-08,282,37.774563231939155,-119.65351971631209
2019-09-14,279,39.89174403846155,-120.89843645161292
2019-09-10,276,39.22692988326848,-120.27704532608695
2018-09-12,274,40.53731756756756,-121.7602687956205
2019-09-12,272,39.77017771428569,-120.54593926470595
2018-09-26,267,41.04693820833337,-122.2952275280898
2019-10-09,260,37.73668752100844,-119.80895257692299
2018-06-26,252,38.063281939655155,-120.02637210317458
2020-03-02,250,37.36867624338624,-119.98066304000002
2018-07-21,247,38.791733421052626,-119.26346995951414
2019-08-05,245,40.164815021834045,-116.04556110204075
2018-07-15,234,38.51935962264148,-118.86161534188034
2018-09-29,218,40.40601594339623,-122.09887844036695
2020-03-04,217,38.499791418918925,-120.21121041474665
2018-09-27,217,40.49837955,-122.10317622119815
2019-11-26,211,39.65974701754388,-120.09294985781989
2020-03-05,207,38.80499787564768,-121.1205728019324
2019-11-01,203,38.79096460000001,-119.43610399014774
2018-11-17,196,38.54436261111111,-120.26918306122454
2019-10-10,195,38.31658069767442,-120.01230292307686
2020-02-27,193,38.892186686046514,-120.93817808290157
2018-09-25,193,40.960018285714284,-122.33457854922271
2018-10-19,191,39.01613219512196,-120.58360596858637
2019-10-26,189,38.64575754385965,-121.8464187301587
2020-03-03,188,38.30256155038759,-120.10282563829786
2018-10-24,182,37.38708018750002,-120.17838324175825
2019-11-15,181,38.2533850877193,-121.0835975690607
2020-02-19,180,39.05097783950614,-121.29425450000001
2018-10-25,179,38.11780746666665,-119.98355687150837
2018-11-20,178,37.685483664596276,-119.61868387640453
2018-09-17,175,39.671308881118854,-120.93532125714283
2018-10-18,175,39.09507259999999,-120.57947388571431
2019-08-06,173,39.895168079470196,-116.80299450867058
2018-09-28,169,40.71423430463575,-122.04381715976334
2019-11-21,169,37.99542919999999,-120.45938508875736
2018-10-17,168,38.66496291666668,-120.51497291666664
2019-07-30,160,40.88143537931036,-120.42743368749993
2020-02-03,158,36.840419999999995,-119.91580879746832
2020-02-26,158,38.9071472868217,-120.59642234177215
2018-10-22,158,39.36264902985075,-120.63177778481013
2020-03-01,157,37.0131191025641,-119.561017133758
2019-09-26,156,39.48997816000001,-120.33476525641025
2020-04-03,155,38.83667582499999,-120.28624421935481
2019-10-15,153,37.62794754901963,-119.20178052287582
2019-09-11,152,39.22292900763358,-120.53420348684207
2019-09-16,150,39.18231931297708,-119.86518100000008
2018-09-15,149,39.90250070175441,-120.86714758389263
2019-10-22,145,38.729084862385335,-119.98513117241384
2018-09-13,145,40.25784067669176,-121.59312386206892
2018-11-19,141,38.61725260162601,-120.15167234042553
2018-11-18,140,37.92673948148147,-119.79550378571429
2019-09-05,140,39.570344999999996,-119.8801952857143
2019-11-05,136,39.40030891089109,-120.70793477941181
2018-11-01,136,38.61257360360361,-120.77801117647056
2018-06-27,135,37.71151504273506,-119.10318074074077
2018-09-20,134,40.04233324561401,-121.07868388059701
2018-06-05,133,36.862721229508196,-120.62856601503766
2018-07-16,133,38.20899260504201,-119.47169518796997
2018-10-26,133,38.22452467889909,-119.97696428571432
2019-10-12,133,38.57287216666667,-119.47043571428573
2019-03-18,131,38.60389402173913,-120.30841083969466
2019-06-13,131,37.05445430555557,-117.83595381679386
2019-09-17,129,37.205814196428584,-118.8275569767442
2019-11-25,128,37.886176090909075,-120.450552578125
2019-08-14,128,38.843314807692295,-118.45932234375003
2020-03-12,126,38.79804575471697,-120.82399206349204
2018-09-21,126,39.80668220183487,-121.15521499999994
2018-11-07,126,38.58145845454545,-120.3775222222222
2018-04-03,126,38.7995023300971,-120.77923539682537
2019-10-30,126,38.93380626865671,-120.46550976190477
2019-10-29,125,38.647549115044235,-121.92076016
2018-11-26,125,37.70149034482758,-119.73545024000003
2019-04-18,125,39.01684155555555,-120.48178959999996
2019-09-01,123,37.10605607843138,-118.70576910569106
2019-11-22,123,38.58140375,-120.53291276422772
2018-12-07,123,39.10280434782609,-121.21166772357724
2020-02-06,123,38.967735454545455,-120.27646918699185
2018-10-23,123,37.82258134615384,-120.37919341463416
2020-01-07,121,38.96758424528302,-120.66330677685954
2018-09-14,121,40.367371616161606,-121.49084768595047
2020-02-13,120,39.165361714285716,-120.85562791666663
2019-10-31,119,38.84666038461538,-120.12190134453779
2018-09-16,119,39.94449311111111,-120.44664680672267
2020-02-11,117,38.58574459770115,-120.25848948717943
2018-10-20,117,38.12626692307691,-119.54379059829063
2020-02-22,117,39.21265045045045,-121.74384102564103
2020-04-24,116,38.31700157142858,-120.76644201724139
2019-10-21,115,38.681439753086394,-119.50779921739134
2018-12-11,114,39.37267840425532,-120.91769280701759
2018-09-18,113,39.808258795180734,-120.64507256637175
2018-10-16,112,39.095866666666666,-120.8566875892858
2020-02-12,111,39.14500929411764,-120.39908369369364
2018-04-04,110,39.012163636363645,-120.31995045454543
2018-06-28,110,37.771361956521716,-119.36094309090909
2020-02-10,110,37.85340162500002,-120.3836007272727
2019-07-16,108,38.12587097560975,-119.99659870370368
2020-02-18,108,39.10818223404257,-121.40925583333332
2019-10-03,108,37.9775893670886,-119.9810773148148
2020-02-25,108,38.86785382716051,-120.1472202777777
2019-11-03,107,38.641296249999996,-117.67794859813081
2019-08-31,107,37.4901011235955,-118.77790654205606
2018-10-31,107,38.1676586440678,-118.17695364485985
2019-11-04,106,39.67807537634408,-121.42635962264147
2018-12-06,106,39.61456523809526,-121.75412707547173
2019-10-16,105,39.563443690476205,-120.56642571428571
2018-10-07,105,38.828274050632906,-120.9442944761905
2019-04-17,105,38.78906788235295,-120.71749752380954
2019-10-23,104,39.47378959459461,-120.04695769230764
2019-05-02,104,38.799348205128204,-120.07597153846154
2019-05-29,104,38.81032032258064,-119.8770495192308
2018-10-11,104,39.08611701149425,-120.85745115384613
2020-03-06,103,37.681657049180345,-119.43845533980581
2020-04-23,103,37.767065626865666,-119.73550442718444
2018-11-02,103,37.63217904761906,-119.54889796116507
2020-02-04,103,37.25712882978723,-120.1576131067961
2018-09-22,103,39.2072643373494,-120.72560262135927
2019-03-16,103,38.16651245614035,-119.64254485436895
2019-05-01,103,39.55853902173912,-120.97293116504856
2018-10-30,102,37.57583356164383,-119.70694352941176
2019-08-22,101,38.607758414634155,-120.38948079207925
2020-04-15,101,38.17469288709678,-120.03250339603962
2018-04-20,101,38.71278743243243,-120.42421217821786
2018-10-27,101,37.848962857142865,-119.48180178217822
2018-09-19,100,40.189285949367104,-121.0611131
2019-10-07,100,38.40173445945946,-119.67579719999999
2019-09-27,99,39.739399775280894,-120.63999323232322
2019-11-23,99,38.8443213483146,-120.50570393939397
2019-10-04,98,38.02640357142858,-119.58865469387757
2019-10-06,98,38.36993945205479,-119.8636006122449
2018-10-01,98,39.27078764705883,-117.81587918367352
2019-08-27,97,37.426849480519486,-118.95906329896906
2019-10-05,96,37.98394879310344,-119.27748937499997
2020-02-07,96,38.829715882352936,-120.18403531249999
2019-09-28,96,38.74054054347827,-120.46068156250006
2018-10-09,96,38.282242833333335,-120.22369260416663
2019-06-18,96,39.258093055555555,-121.14791270833338
2019-03-15,96,38.60759796610167,-119.98397364583332
2020-01-31,95,38.59570051724138,-119.67024168421051
2019-04-24,95,39.681838333333346,-120.4339097894737
2019-10-18,95,39.170508133333314,-120.54933073684212
2019-11-06,94,39.04183439393939,-119.79776563829783
2019-10-14,94,38.94119164383561,-119.67302372340426
2019-09-19,94,37.85700507246378,-119.98796159574466
2020-01-30,93,38.483638437500005,-119.57310387096777
2020-04-28,93,38.099258875000004,-120.31748801075274
2018-06-30,93,37.807192235294124,-119.69726268817197
2019-08-18,92,37.726312428571426,-118.5267395652174
2019-08-29,92,38.62080972602739,-119.26400826086956
2019-08-30,91,37.18745071428571,-118.74999714285711
2018-05-10,91,40.468870377358485,-119.8067442857143
2020-02-14,91,39.02336115384617,-120.56235560439562
2020-03-11,91,38.883342441860464,-121.5623424175824
2020-04-14,91,39.189615764705884,-120.64017594505493
2020-05-15,91,37.83097229166667,-118.98835439560439
2020-03-21,91,39.22979220588233,-120.54512142857148
2020-03-13,91,38.853998181818184,-121.69705307692307
2019-08-17,91,37.802083924050635,-118.74231263736264
2020-02-17,90,38.637333076923085,-120.48350255555556
2019-10-01,90,38.51199092592592,-119.67812277777782
2019-11-24,90,38.7622572,-119.09070577777774
2019-09-18,90,37.06348678571429,-118.56913133333335
2018-11-03,89,37.47246579710144,-119.48385269662919
2020-01-13,89,37.78361346153848,-119.61899662921347
2019-07-29,89,40.63712016393443,-120.15394449438197
2018-06-04,89,39.01839775862068,-119.74720561797753
2018-09-30,88,40.03449554054054,-117.04306863636363
2018-12-13,88,39.60758044117647,-120.93039193181818
2018-09-23,87,38.03783793650793,-119.67359885057473
2020-01-10,87,37.89581803571429,-119.55697965517241
2019-06-19,87,38.255864754098354,-119.77145195402296
2019-05-07,87,38.63635299999999,-120.40110229885053
2019-04-13,86,38.6991111111111,-120.12900116279071
2018-10-08,86,38.4063425862069,-120.23930558139531
2019-09-03,85,38.69693539682538,-118.32980882352938
2019-08-25,85,36.89215206896552,-118.66998411764705
2018-12-28,85,37.33358142857143,-119.66579905882348
2019-05-31,85,38.88232350000001,-120.39475223529412
2019-08-08,85,39.305403934426224,-118.84362858823523
2018-07-10,85,39.57434233766232,-118.2459914117647
2019-09-20,85,38.047558965517254,-120.24290364705882
2019-10-19,85,38.07715644067795,-119.95053188235295
2019-11-18,84,38.161598518518524,-120.07273047619053
2019-09-25,84,39.58310433333333,-119.64824416666666
2019-07-01,83,38.424651999999995,-119.70876590361448
2018-07-14,83,38.245412291666675,-118.57661927710846
2019-04-10,83,37.39557745762712,-120.03965265060239
2018-04-26,83,38.86926163636363,-120.0818444578313
2019-10-02,83,38.512765762711865,-120.19492879518079
2020-01-28,82,37.65027758064516,-119.60154146341463
2019-04-25,82,39.3372463768116,-121.1900087804878
2019-01-04,82,38.86814090909091,-119.55431073170732
2018-05-17,82,37.8468184375,-119.67744609756102
2020-05-21,81,37.80677289473684,-119.22598839506178
2018-12-08,81,39.06655272727272,-120.3658354320988
2019-11-13,81,38.95067181818182,-119.96930419753083
2018-11-06,81,38.64859082191781,-120.3203567901235
2019-04-26,81,39.18225373134328,-121.11432703703701
2020-03-31,80,38.162058225806454,-120.19946112500001
2018-11-05,80,37.64644603174605,-119.39815249999997
2020-04-02,80,38.29624142622951,-119.834529
2018-04-23,80,39.381293770491816,-120.38270387500003
2019-04-29,80,38.45792424657534,-121.08110262499994
2018-11-21,80,36.890656938775514,-118.62279025000002
2019-07-15,80,38.81208136363637,-119.39527787499996
2019-08-16,79,37.959584444444445,-118.88588569620251
2018-06-11,79,38.01342490566037,-119.46750746835438
2018-11-04,78,37.37191637931034,-119.1189962820513
2019-01-31,78,38.904943731343295,-120.03452692307688
2018-06-29,78,37.697460166666666,-118.9867912820513
2019-05-08,78,39.49303948275862,-120.05737833333336
2019-09-30,77,37.60922156862745,-119.7631585714286
2019-10-17,77,38.76106588235296,-120.79746246753247
2019-09-21,77,37.894599111111106,-119.50997207792213
2020-02-21,76,39.32784700000001,-120.72842631578946
2020-02-08,76,38.435269999999996,-119.0389071052631
2019-06-26,76,37.77731229508198,-120.39059263157895
2019-11-16,76,37.57990293103449,-119.73597460526325
2018-06-18,75,38.05527017241379,-120.60994266666665
2018-04-25,75,39.79849222222224,-120.60872066666668
2018-12-12,75,39.03804020408164,-120.3310204
2018-11-30,74,39.74119245901639,-121.06945527027024
2019-05-30,74,38.53258525,-119.52839405405408
2019-08-13,74,38.288768035714284,-119.6351947297297
2018-10-29,74,36.90796624999999,-118.93384229729728
2018-10-21,73,38.03021563636363,-119.9253291780822
2019-08-09,73,37.94077548387095,-118.46851767123289
2019-08-28,73,37.390760169491536,-118.86760671232875
2019-08-23,73,37.2917629032258,-118.04080671232877
2019-11-17,73,37.34606344827587,-120.45944410958903
2019-07-10,73,37.35623888888888,-119.2983915068493
2020-02-28,72,38.21975109374999,-120.36241569444445
2019-05-03,72,38.322729512195124,-118.60212250000001
2019-12-09,72,38.82559152173913,-120.11409833333339
2020-01-15,72,37.36854804878049,-119.3350726388889
2019-06-29,72,37.846713750000006,-119.67050263888885
2018-12-02,72,39.4853204,-118.0327047222222
2019-01-02,72,38.75750655172413,-120.95850805555561
2019-06-20,71,38.255852,-119.62065394366196
2020-05-04,71,37.61251085106383,-119.56637704225352
2018-10-12,71,39.41081317073171,-119.61967408450705
2018-04-14,71,38.00429020833333,-120.1207763380282
2020-04-16,70,38.666776048780484,-119.80462864285712
2019-07-02,70,38.11184142857143,-119.55937271428564
2019-12-06,70,37.96978681159419,-120.26747699999996
2019-04-27,70,38.76206865671641,-121.1437177142857
2019-11-12,70,38.577904374999996,-120.38533285714288
2018-06-06,70,38.5720981632653,-119.89624514285715
2020-02-05,70,38.0618030357143,-120.15066514285712
2019-09-29,70,37.566595254237285,-119.6227067142857
2018-04-24,70,39.36525961538461,-119.3390467142857
2019-03-14,69,37.797734545454546,-120.10972043478263
2020-02-29,69,37.732525081967204,-120.28161521739133
2020-05-20,69,37.96124571428572,-119.80625347826084
2019-08-10,69,37.73845019607843,-119.27343855072465
2019-07-23,68,40.0473075,-118.38076323529414
2019-08-19,68,37.73097166666667,-118.96535382352943
2019-11-19,68,38.42272596153846,-120.8170025
2020-05-22,68,37.343328500000005,-118.62569147058825
2018-04-21,68,38.32436243243243,-119.58194147058826
2019-07-11,67,38.54670346938775,-119.70014626865671
2019-06-21,67,38.52376384615384,-120.74693880597015
2019-09-02,67,37.94176459999999,-119.32104582089549
2019-06-09,67,38.429368235294106,-120.60142029850746
2019-06-25,66,38.105289482758636,-120.18976439393941
2018-10-28,66,36.96676000000001,-119.21382545454547
2018-06-02,66,37.99636076923077,-119.11962803030308
2018-12-01,65,37.953725862068964,-119.39178692307692
2020-03-20,65,38.41732779661018,-121.03439692307691
2020-04-01,65,38.27868544999999,-121.11154586153845
2019-03-29,65,37.1173247826087,-118.85198092307694
2019-12-05,65,40.10410744186048,-119.78999461538464
2018-12-18,65,37.37466095238094,-119.50540569230766
2020-02-01,64,37.834314333333346,-119.04571171874996
2019-07-31,64,37.167293636363645,-120.02578843750004
2019-04-22,64,38.321172954545446,-119.9489784375
2019-09-23,64,37.04533707317073,-119.07036359374999
2020-01-06,64,38.81721511111111,-120.36387812500004
2019-04-12,64,38.118423478260866,-120.53047718749995
2019-03-30,64,37.53721488888889,-119.47634031250003
2018-04-02,63,39.071018448275865,-121.12507111111114
2018-06-23,63,39.39086204545454,-119.02218857142859
2018-10-02,63,39.2160552,-119.49817031746032
2018-05-16,63,37.340874,-118.77865476190476
2018-04-28,62,38.09176162162162,-119.40638596774201
2019-07-09,62,38.32135098039216,-120.42982338709677
2019-08-15,62,38.001396734693884,-118.7406659677419
2019-06-12,62,37.585525,-119.31197096774193
2020-05-05,62,38.2249975,-119.94292145161289
2019-03-31,61,39.0058524137931,-119.01502934426232
2020-01-24,61,38.00226200000001,-119.37201327868854
2019-09-24,61,37.77002934782608,-119.75123147540985
2018-11-28,61,41.40804743589744,-120.64790655737701
2018-06-13,61,38.878045937500005,-119.83314573770488
2018-05-15,61,38.209796086956516,-118.72772803278689
2018-05-09,61,38.21016593750001,-119.78387377049182
2019-11-08,61,38.73748225,-119.95656213114756
2020-03-10,61,38.579376599999996,-121.18387163934426
2019-08-24,60,37.2643968292683,-118.96272566666667
2019-06-05,60,39.261308604651155,-120.26297349999999
2020-03-19,60,38.94363600000001,-120.793245
2019-06-04,60,38.05184367346939,-119.62437883333332
2018-10-15,60,38.773880000000005,-120.5362061666667
2020-01-08,60,38.167676190476186,-119.71089133333331
2019-10-20,60,38.643728888888894,-120.28879549999998
2018-04-13,59,38.383530689655174,-119.4599061016949
2020-04-27,59,38.09711715555556,-120.2446531694915
2018-06-19,59,38.18208909090909,-119.82930000000002
2019-07-17,59,38.38807025000001,-120.31136322033896
2020-02-15,58,38.70563851063831,-120.79932465517241
2018-04-19,58,37.07357642857142,-118.91716327586211
2018-06-01,58,37.655318285714294,-119.4974896551724
2019-06-08,58,38.085582,-120.01725931034484
2019-06-14,58,37.66359250000001,-119.63001086206899
2020-04-21,58,39.01615899999999,-120.71181386206895
2019-08-11,58,38.38121717391305,-119.1268662068965
2019-05-04,58,38.643113750000005,-120.18594793103452
2020-03-27,58,38.439497555555555,-120.47289241379306
2019-08-26,57,36.92483306122451,-118.82657175438595
2020-02-24,57,38.78413391304349,-120.91698631578946
2018-05-07,57,38.38156666666667,-119.8086756140351
2019-07-12,57,38.32595733333333,-119.3760410526316
2020-04-25,57,38.0461994375,-119.78380959649122
2019-06-24,57,38.54173222222222,-120.1942552631579
2019-12-10,57,38.858976,-119.8717135087719
2019-08-01,57,37.6548148275862,-118.59774666666665
2019-11-02,57,39.03396620689655,-119.6377331578947
2019-07-26,57,38.738047083333335,-119.21093210526315
2018-09-24,57,39.404644565217396,-120.78474807017545
2020-01-16,56,36.56133,-118.45631178571425
2020-05-16,56,37.222083888888896,-117.14914107142856
2019-04-19,56,38.84753405405406,-120.08612892857143
2019-04-23,56,38.93479885714285,-120.15934785714285
2019-03-13,56,37.78254085714286,-119.69585964285712
2019-07-28,55,38.6615571875,-119.96078145454545
2018-12-27,55,37.66834210526314,-120.13656109090911
2020-01-29,55,38.0486153125,-119.17247018181816
2020-04-13,55,39.18697293617021,-120.56333821818181
2020-03-26,55,38.683808857142864,-119.90780800000002
2019-10-13,55,38.763668857142854,-119.7731534545455
2019-01-23,55,38.17298,-119.32494345454545
2020-05-01,55,38.09832472222222,-120.04152763636361
2019-03-28,55,37.20460642857142,-119.6026365454546
2019-01-03,54,38.4773575,-118.46789592592589
2019-07-21,54,38.324217352941176,-119.04856074074075
2020-05-12,54,38.23418714285714,-118.1232311111111
2019-01-07,54,36.89256952380953,-119.79250481481482
2018-04-27,54,38.07884951219512,-119.67691592592593
2019-12-16,54,38.712692727272724,-120.79155129629632
2019-12-03,54,40.34429722222222,-122.19789
2020-02-20,53,38.82365641025641,-120.25638811320758
2019-06-11,53,36.56831447368422,-118.63012188679244
2019-08-03,53,38.086870624999996,-119.00493037735852
2018-06-07,53,38.70159695652173,-118.85195113207546
2019-11-14,53,38.91289787234041,-120.81850981132075
2019-06-15,52,37.88932195121951,-119.49355730769231
2020-04-04,52,37.9931989090909,-119.22572274999996
2020-04-30,52,38.18645072727272,-121.13247471153848
2018-04-17,52,38.70188852941176,-120.13658557692305
2019-06-03,52,38.76666731707318,-120.2900228846154
2018-05-01,51,38.388491190476195,-120.84018823529416
2019-08-12,51,37.494324999999996,-119.15116823529411
2019-08-20,51,37.918664166666666,-118.74342607843144
2020-04-22,51,37.86787689189189,-119.92574488235297
2019-12-27,51,37.81884739130435,-120.53907058823532
2019-09-04,51,38.29880692307693,-119.44456058823532
2019-07-05,50,38.593074482758624,-119.02141379999995
2018-06-09,50,38.244193214285715,-119.22974099999999
2020-04-26,50,39.12990330769231,-120.02109187999999
2019-05-28,50,39.43746374999999,-120.10556719999998
2020-05-07,50,38.027930526315785,-118.92446580000002
2018-12-26,50,37.74666411764706,-120.10709079999998
2018-06-16,50,37.96823128205129,-119.7646682
2019-03-17,50,38.21749107142857,-119.84169999999999
2019-02-06,50,37.38010892857142,-118.935998
2019-08-02,50,37.846177307692294,-119.07455479999999
2018-11-25,49,37.56194,-119.15483816326531
2019-01-24,49,38.23390590909091,-119.07433510204083
2020-05-25,49,37.79081566666666,-119.28832612244895
2018-06-12,49,37.95263166666666,-119.51906163265302
2019-06-10,49,36.847039090909085,-118.39895448979591
2018-06-22,49,37.221613823529424,-118.6910279591837
2019-05-25,48,39.002406923076926,-119.93770104166668
2019-06-22,48,39.013060270270266,-121.28093083333334
2020-05-06,48,37.87882952380953,-119.35367687499998
2018-10-13,48,39.219017391304334,-121.08191812500002
2018-06-08,48,38.08455736842106,-119.31538374999998
2019-01-30,48,38.936873125000005,-120.50159083333335
2019-11-20,48,37.70437851063829,-120.825798125
2018-04-09,48,37.759456785714285,-119.52913854166667
2019-05-24,47,39.300711481481486,-120.05049617021272
2019-06-28,47,38.640898214285706,-120.0574519148936
2020-03-09,47,38.789151304347826,-120.04351297872344
2019-02-22,47,38.26757615384614,-120.53227893617019
2018-06-21,47,37.97596258064517,-120.05881914893615
2019-06-23,47,39.16367303030303,-120.50216595744683
2019-08-21,47,37.517256,-119.10702680851062
2019-07-06,46,38.09771218750001,-119.646607173913
2019-03-11,46,37.691200810810805,-119.76444500000001
2018-12-19,46,38.87836681818181,-119.62255391304349
2020-01-23,46,37.886849999999995,-118.86723717391305
2019-01-13,46,38.14850222222222,-118.78124326086957
2019-12-20,46,38.089615,-119.04493021739133
2019-02-08,46,36.612658181818176,-118.20345369565216
2019-02-19,45,38.007984,-119.60891333333332
2019-03-25,45,36.35535,-118.48359400000002
2019-02-07,45,37.324605217391316,-118.73368955555556
2019-06-30,45,37.519545172413785,-119.01103444444445
2019-07-22,45,38.686920740740746,-119.5933128888889
2019-03-12,45,37.99529249999999,-120.84440644444443
2020-05-09,45,38.318806333333335,-120.39714888888886
2019-01-10,45,38.22462333333334,-119.31745333333336
2019-05-09,45,38.0775742857143,-120.01003822222225
2019-04-09,45,38.15022636363636,-119.7371428888889
2019-07-24,44,38.19954578947369,-118.61990840909093
2018-10-10,44,38.427784864864876,-120.83679249999999
2019-06-17,44,38.7227096875,-119.99647431818181
2018-11-24,44,37.23875583333332,-119.09004568181817
2018-05-03,44,38.07396885714286,-119.60167590909083
2019-01-01,44,38.26062749999999,-119.0391925
2018-05-08,43,38.66452518518519,-120.10253860465114
2019-06-27,43,37.79237961538461,-119.32101209302323
2020-05-26,43,37.606590000000004,-118.85651186046509
2019-07-03,43,38.373623461538465,-119.86194558139536
2019-07-13,43,38.32882826086957,-118.7413181395349
2019-12-02,43,40.09634200000001,-119.9448544186046
2019-01-22,43,37.47703380952381,-119.31089488372093
2020-03-30,43,37.4592019047619,-119.3384374418605
2019-08-07,43,38.651947096774194,-120.1726158139535
2019-02-23,42,37.537922800000004,-119.36134380952379
2018-10-05,42,37.374159687500004,-118.21707904761904
2018-07-12,42,37.92084206896552,-119.98913380952384
2020-05-27,42,38.250954285714286,-118.51172214285714
2019-01-12,42,37.425683750000005,-120.53147285714286
2018-05-22,41,37.628505555555556,-119.99859341463417
2020-01-14,41,37.237841034482756,-119.2481480487805
2020-01-09,41,38.499894827586196,-119.51834975609758
2018-05-28,41,37.749445,-119.51601341463416
2019-11-09,40,38.81145444444445,-120.00058550000001
2018-06-10,40,38.43978562499999,-119.29638974999997
2019-04-11,40,37.56428428571428,-118.61519400000002
2020-05-17,40,37.61020444444444,-118.07926349999998
2019-04-16,40,39.24021888888889,-121.680328
2018-04-30,40,38.418659999999996,-120.60158149999995
2019-11-07,39,38.53386880000001,-119.81842948717949
2019-05-12,39,38.43499416666667,-118.94621230769229
2018-12-03,39,40.265499259259244,-119.61399461538463
2019-07-04,39,37.796932399999996,-119.87684333333331
2020-02-23,39,38.65592027027027,-121.26402487179487
2020-05-08,39,38.24995291666667,-120.09146384615383
2018-04-22,39,39.092715909090906,-119.93210769230772
2018-06-03,38,38.11333333333334,-118.57071657894738
2020-04-18,38,39.92138315151515,-119.20644921052633
2020-05-13,38,38.2258,-117.96683342105263
2019-02-17,38,36.35814,-115.42760684210532
2018-06-20,38,38.47125407407407,-119.8185197368421
2019-11-11,38,38.263885769230775,-119.44514526315793
2019-02-18,38,38.211345,-119.29547473684212
2020-02-16,38,38.46177375,-119.64529999999999
2020-01-27,38,37.50475875,-118.29398263157891
2018-05-04,37,38.682860000000005,-118.24923972972971
2019-11-28,37,36.79461029411765,-119.85234540540539
2019-05-06,37,38.65001257142858,-121.08352756756753
2018-12-20,37,37.999158571428566,-118.39391972972976
2018-05-31,37,37.351369166666665,-119.51580621621623
2020-01-11,37,38.34778058823529,-118.78659405405402
2018-06-14,36,37.41086611111111,-119.59255527777776
2018-05-14,36,38.988949047619045,-119.88531250000003
2018-11-27,36,38.196557999999996,-119.04281250000001
2020-05-14,36,37.677222,-118.41507055555556
2020-05-24,36,37.59215,-119.19958083333333
2019-03-21,36,38.6451796875,-121.16137555555555
2018-05-19,36,38.5642936,-120.37274611111108
2018-05-11,36,37.55358136363636,-119.37028361111109
2019-01-08,35,36.558961249999996,-118.4120028571429
2020-05-30,35,36.928483636363644,-118.32050914285716
2019-02-11,35,37.120385,-118.26557571428569
2020-05-31,35,38.63642333333333,-118.30952314285715
2019-07-20,35,38.409949999999995,-120.37118999999997
2020-02-09,35,38.11145428571428,-119.95327828571426
2018-05-05,35,37.31012625,-117.68604457142857
2019-12-19,35,36.95964214285714,-118.37241857142858
2019-12-28,35,38.18638818181818,-119.91991685714282
2018-12-29,34,37.51429263157895,-119.51099529411763
2020-01-22,34,38.214348235294125,-119.1928741176471
2019-05-13,34,39.231222916666674,-119.8940488235294
2019-11-29,34,38.418755454545455,-120.21806911764705
2019-04-08,34,37.022764,-118.20606294117646
2019-01-25,34,38.21040307692307,-118.57074794117645
2019-06-07,33,38.03795227272727,-120.51924484848482
2019-07-14,33,38.572519130434785,-120.09804696969697
2020-01-03,33,40.20433142857142,-121.12431333333335
2018-07-11,33,38.829475555555554,-119.68861060606059
2020-04-11,33,39.24145896,-120.74018260606063
2019-11-10,33,38.541241538461534,-118.57434757575754
2018-05-27,33,37.69015240000001,-120.11623818181819
2018-06-15,33,38.23857333333334,-120.18817242424241
2019-07-19,32,38.22523933333333,-118.92401093750001
2020-01-05,32,38.08775928571429,-119.36981406249998
2018-05-30,32,37.99082000000001,-120.4305096875
2018-04-08,32,37.60189285714286,-119.49927562499998
2020-03-14,32,38.72379260869565,-120.4558534375
2020-01-02,32,38.659417777777776,-119.63089187500002
2020-05-02,32,37.83011583333333,-118.941098125
2018-04-10,32,37.995265,-118.30504468750001
2018-12-16,32,37.53314,-118.333206875
2020-05-28,31,38.30732444444445,-119.28355516129035
2020-04-17,31,39.04050419354838,-120.79326799999998
2020-03-18,31,36.976259523809524,-119.38893870967742
2019-12-31,31,38.44078526315789,-120.06508483870967
2019-04-30,31,39.224923636363634,-120.62580096774191
2018-04-15,31,40.038177499999996,-118.33420870967744
2020-05-03,31,38.21002181818182,-119.56956193548388
2020-03-08,30,37.282174166666664,-119.442909
2019-02-25,30,,-118.1329903333333
2019-01-29,30,39.44116368421053,-120.64170799999998
2019-04-28,30,38.73017481481481,-120.65430599999999
2019-08-04,30,38.60494583333333,-118.87229099999998
2019-06-06,30,38.712485,-119.53259099999998
2019-12-14,29,38.9967215,-119.66149172413796
2019-09-22,29,38.17755529411765,-120.06352758620687
2019-12-04,29,40.83087965517241,-122.15221137931036
2019-06-01,29,38.63612782608695,-120.68438379310344
2019-07-08,29,37.93463,-120.07161000000002
2018-07-13,29,37.93138846153847,-118.55954172413794
2019-07-18,29,37.543865294117644,-119.2506651724138
2018-12-22,29,39.166720000000005,-118.76206344827585
2019-03-26,29,36.85931,-119.00226310344827
2018-04-18,29,37.373286666666665,-118.10994103448276
2018-12-30,28,38.37382916666667,-119.32085892857143
2019-04-14,28,37.91569153846154,-119.35046035714285
2019-12-15,28,38.27123909090909,-119.54379857142861
2018-05-26,28,37.13747750000001,-118.15217892857142
2018-12-15,28,38.279671538461535,-119.04975178571428
2018-05-02,28,38.292412222222225,-121.46323285714287
2020-01-04,28,38.56632666666666,-119.08564214285714
2020-03-23,28,38.91542458333334,-121.99799714285713
2018-04-11,28,38.15669833333333,-118.45201714285713
2018-10-06,28,37.76422384615385,-119.82513214285713
2019-03-19,28,38.67427428571428,-118.79448392857145
2018-06-17,28,37.91072833333333,-119.20936392857145
2018-05-23,28,37.94253526315789,-119.4162560714286
2018-12-17,27,39.01095842105263,-120.02753666666668
2019-07-27,27,38.21482681818181,-119.9105888888889
2018-05-18,27,38.14973166666667,-120.19397074074077
2018-10-04,27,36.67997,-118.61496370370372
2019-05-11,27,38.3328547368421,-120.64638222222223
2018-04-12,27,37.711155999999995,-119.41584148148146
2019-07-25,27,39.0928835,-118.59240518518517
2019-04-03,27,38.09193545454545,-119.16402629629636
2019-03-22,27,38.446099230769235,-119.29847407407406
2019-01-19,26,36.737578,-117.90765307692303
2020-05-23,26,37.45513764705883,-119.38005115384613
2020-05-29,26,38.2614938888889,-119.53229153846154
2019-05-17,26,38.42699642857143,-119.60480153846154
2019-06-16,26,37.590645384615385,-118.99056576923077
2020-04-07,26,38.503819799999995,-119.7977431923077
2020-03-22,26,38.981575416666665,-121.53257846153846
2018-10-14,26,37.92990882352941,-119.64237346153845
2018-05-12,25,37.484225,-120.39507480000002
2020-05-11,25,39.16056166666666,-119.63543239999998
2020-03-24,25,38.47127571428571,-119.44797999999999
2020-04-19,25,37.97477189473685,-119.53433247999999
2020-05-19,25,37.93411857142858,-119.61866359999998
2020-04-10,25,39.70255544000001,-121.48294679999995
2019-05-18,24,36.713726,-117.96367375
2019-12-17,24,38.654088461538464,-119.08849000000002
2020-03-25,24,38.897659999999995,-120.96333249999998
2020-05-10,24,38.503482307692316,-118.41472083333332
2019-01-28,24,37.68459,-118.28547208333332
2018-11-29,24,38.211089375,-120.56171333333333
2019-01-26,24,39.32498181818182,-117.36173375
2019-04-02,24,38.40175666666667,-118.73203749999999
2018-05-20,23,37.479301333333325,-118.76177826086959
2020-02-02,23,37.889808,-118.38141739130434
2020-01-01,23,37.49633285714286,-118.39655304347825
2020-04-05,23,37.988203,-116.00738417391304
2020-04-29,23,37.126822363636364,-117.81738473913043
2018-04-05,23,37.11391625,-118.66430391304348
2018-10-03,23,38.7804325,-120.0166843478261
2019-12-13,22,36.65949,-117.69470727272729
2019-01-09,22,36.615635,-118.57513
2019-05-05,22,37.893812777777775,-119.07032272727274
2019-12-18,22,39.597065384615384,-119.67566727272728
2020-04-08,22,38.500844095238094,-119.7774602272727
2018-12-04,22,41.93195,-118.43152227272726
2019-12-30,21,38.39193714285713,-121.02828904761905
2020-03-29,21,38.051833333333335,-118.41951428571433
2018-12-10,21,39.56808315789474,-121.48112571428572
2018-05-06,21,37.726690625,-120.13538
2018-12-31,21,37.93065277777778,-120.61236761904763
2018-12-23,21,37.427276666666664,-118.4741128571429
2019-02-28,20,36.89455538461539,-117.570983
2019-04-20,20,38.20758111111111,-120.77662449999998
2019-07-07,20,38.03004,-121.0010585
2018-04-01,20,38.497070526315795,-120.7558335
2020-01-25,20,38.40327866666667,-118.52043549999999
2018-12-09,20,39.079253333333334,-118.85314350000002
2018-12-05,19,40.20552000000001,-120.16296052631579
2019-02-09,19,36.64278625,-118.06877315789473
2019-05-14,19,38.05690833333333,-117.53118999999998
2019-02-12,19,36.7708275,-116.95352263157895
2019-05-22,19,38.181175384615386,-120.38883736842105
2018-04-16,19,39.1312675,-118.94884157894735
2018-04-29,19,38.26642666666667,-118.75937263157896
2018-05-29,19,38.429163333333335,-119.63908421052632
2019-05-10,19,38.604404375,-120.52348894736842
2019-05-20,19,38.00761363636364,-119.54022315789476
2019-03-24,18,37.53311142857143,-118.61547944444445
2019-03-04,18,36.480458,-116.02697944444442
2019-01-21,18,37.09879636363635,-118.98150222222219
2020-05-18,18,38.14121333333333,-117.61148333333335
2019-01-11,18,37.27127222222222,-118.71566666666666
2019-05-27,17,39.19171666666667,-119.64205588235293
2018-05-21,17,37.6347875,-120.98537058823528
2018-05-24,17,37.9636975,-119.46820235294116
2020-01-12,17,37.4113375,-119.93145470588237
2018-05-25,17,36.35861,-117.90066647058823
2019-02-26,17,36.844623999999996,-117.90028058823529
2019-02-27,17,36.36049,-117.82019647058821
2019-04-07,17,38.023401666666665,-118.81793941176473
2020-03-17,16,37.597553,-118.515921875
2020-03-07,16,37.424559,-118.98024312499997
2020-03-28,16,37.443995,-117.38060875
2019-02-24,16,36.44367,-117.7524075
2019-06-02,15,38.34785,-119.21109666666665
2020-01-26,15,37.443956666666665,-117.95140066666663
2019-03-09,15,36.912679999999995,-118.02148599999997
2019-04-21,15,37.487251111111114,-119.18267266666666
2019-11-27,15,38.04184000000001,-119.88214333333333
2019-05-23,14,38.15931444444444,-120.58346142857143
2019-02-03,14,38.1602775,-118.4110685714286
2019-03-08,14,37.6882275,-118.60820428571428
2019-11-30,14,37.486605000000004,-118.19919
2019-04-15,14,36.984770000000005,-119.30399142857144
2019-03-20,14,37.674695,-120.60881142857144
2020-04-06,14,39.29722072727272,-120.54881342857144
2020-01-18,14,37.369815,-118.31486
2019-04-01,14,36.89023666666666,-118.07397714285715
2019-03-23,13,38.55578,-119.66676307692309
2019-12-29,13,36.35595,-117.55070230769232
2020-04-20,13,37.814392,-118.25925576923078
2019-02-16,13,36.357186666666664,-117.28419923076922
2019-12-24,13,38.91702909090909,-121.5033323076923
2019-04-04,13,36.35652,-117.86219846153845
2019-02-20,13,38.64783714285714,-119.57190153846156
2020-01-17,12,36.655724000000006,-119.22868583333336
2019-02-04,12,37.3780625,-117.93248333333334
2019-12-12,11,37.04507571428571,-119.05686
2020-04-12,10,38.2115225,-119.60533590000003
2020-01-19,10,37.276653333333336,-118.66266400000002
2019-01-27,10,39.30655,-118.072408
2019-02-05,10,36.600145,-118.707121
2019-12-26,10,37.89269899999999,-120.65325400000002
2019-02-21,10,37.713215,-119.614101
2019-03-03,10,36.27894,-118.182184
2018-11-23,10,36.355940000000004,-117.60713500000001
2018-12-25,10,37.993320000000004,-118.74395899999999
2019-03-27,9,38.3666875,-120.13925000000002
2019-01-20,9,,-118.30701888888888
2020-04-09,9,40.357303,-121.09063977777777
2019-03-05,9,36.35799,-116.49751777777777
2019-12-11,9,37.65719666666667,-118.65406555555556
2019-05-21,9,37.176339999999996,-117.7038911111111
2018-12-21,9,39.613699999999994,-120.81405777777779
2019-03-10,9,36.84335444444445,-119.8651888888889
2019-03-07,8,38.337483999999996,-119.16431750000001
2018-12-14,8,39.421215000000004,-120.15592000000001
2019-12-22,8,38.84260125,-121.29983874999999
2019-01-18,8,37.36438,-118.05193375000002
2018-12-24,8,36.51085,-118.150035
2020-03-16,7,38.53362,-117.54123142857144
2019-05-19,7,37.961215,-121.36320857142859
2018-11-22,7,37.314842857142864,-120.33977
2019-05-16,7,36.81059,-117.78223857142856
2019-02-01,7,36.3566,-115.72767
2019-12-08,7,38.01055142857143,-118.39608999999999
2018-05-13,7,36.949674,-118.7556442857143
2019-12-23,6,38.75658333333333,-122.25953666666668
2019-03-02,6,36.00515,-119.29544500000002
2019-01-06,6,38.2129675,-120.13508833333333
2019-03-01,6,38.90804666666667,-118.41525833333333
2019-05-26,6,36.357325,-116.57565666666666
2020-01-21,6,38.0048,-118.65710333333332
2019-03-06,6,37.785312,-119.65718833333334
2019-02-10,6,38.1483,-118.00338
2018-04-06,6,,-118.22688999999998
2019-04-06,5,36.35708666666667,-116.117918
2019-02-15,5,36.35752,-117.28014399999999
2019-05-15,5,36.35812,-117.75302400000001
2019-02-02,5,37.011109999999995,-120.114318
2019-12-07,3,,-117.17844333333333
2020-03-15,3,36.35747666666667,-114.91160333333333
2019-04-05,3,37.77769333333333,-120.82815666666666
2019-12-21,3,39.72633,-117.70746333333334
2019-01-16,2,39.61845,-118.30115
2019-12-01,2,36.356095,-114.90959000000001
2018-04-07,2,36.70073,-118.90765999999999
2019-01-17,2,39.02745,-121.36889500000001
2019-01-14,2,38.753155,-120.90284
2019-12-25,2,36.355959999999996,-116.62181999999999
